ATA_MANAGE_NO,DATA_TITLE_NM,SUMRY_CN,CL_NM,LWPRT_CL_NM,TY_NM,LWPRT_DATA_TY_NM,CTPRVN_NM,SIGNGU_NM,CTLSTT_LA,CTLSTT_LO,REGIST_DE,MAIN_THUMB_URL,CNTNTS_URL,CORE_KWRD_CN,OPN_DE
82476,주천 석장승,주천 석장승,문화유산,조각,시청각물,VR,전라북도,남원시,35.40143678,127.4236223,20230101,https://minio.nculture.org/amsweb-opt/3ds/57/84662/84662_thumbnail.jpg,https://vr.nculture.org/vr/2020-jeonbug-nam-wonsi-jucheon-seogjangseung/,"석장승, 남원, 주천, 전라북도, 김기수, 호기리",20231230
82475,척문리산성,척문리산성,문화유산,건축유적,시청각물,VR,전라북도,남원시,35.42999353,127.4242673,20230101,https://minio.nculture.org/amsweb-opt/3ds/58/84663/84663_thumbnail.jpg,https://vr.nculture.org/vr/2020-jeonbug-nam-wonsi-cheogmunlisanseong/,"남원, 척문리산성, 척문리고분, 초촌리고분, 넘짓골",20231230
82474,황산대첩비,황산대첩비,문화유산,기타,시청각물,VR,전라북도,남원시,35.458132,127.5615293,20230101,https://minio.nculture.org/amsweb-opt/3ds/59/84664/84664_thumbnail.jpg,https://vr.nculture.org/vr/2020-jeonbug-nam-wonsi-hwangsandaecheobbi/,"이성계, 황산대첩비, 황산대첩, 파비각, 황산대첩축제",20231230
82473,김환태문학관 최북미술관,김환태문학관 최북미술관,종교와 문화,문화예술,시청각물,VR,전라북도,무주군,36.00463847,127.6639068,20230101,https://minio.nculture.org/amsweb-opt/3ds/60/84665/84665_thumbnail.jpg,https://vr.nculture.org/vr/2020-jeonbug-mujugun-gimhwantaemunhaggwan-choebugmisulgwan/,"게, 호생관, 미치광이, 메추라기, 풍설야귀인, 공산무인",20231230
82472,반남박씨 삼세충의비,반남박씨 삼세충의비,문화유산,기타,시청각물,VR,전라북도,무주군,35.87760906,127.6908292,20230101,https://minio.nculture.org/amsweb-opt/3ds/61/84666/84666_thumbnail.jpg,https://vr.nculture.org/vr/2020-jeonbug-mujugun-bannambagssi-samsechung-uibi/,"두문마을, 박힐, 박인, 박희권, 삼세충의비",20231230
82471,부안 구암리 지석묘군,부안 구암리 지석묘군,문화유산,조각,시청각물,VR,전라북도,부안군,35.70924344,126.6550287,20230101,https://minio.nculture.org/amsweb-opt/3ds/62/84667/84667_thumbnail.jpg,https://vr.nculture.org/vr/2020-jeonbug-buangun-guamli-jiseogmyogun/,"고인돌, 거북바위, 지석묘",20231230
82470,부안 김상만 가옥,부안 김상만 가옥,생활과 민속,생활,시청각물,VR,전라북도,부안군,35.590224,126.6796703,20230101,https://minio.nculture.org/amsweb-opt/3ds/63/84668/84668_thumbnail.jpg,https://vr.nculture.org/vr/2020-jeonbug-buangun-nammun-andangsan/,"김상만, 부안, 초가집",20231230
82469,부안 남문안당산,부안 남문안당산,문화유산,조각,시청각물,VR,전라북도,부안군,35.73185904,126.7361135,20230101,https://minio.nculture.org/amsweb-opt/3ds/64/84669/84669_thumbnail.jpg,https://vr.nculture.org/vr/2020-jeonbug-buangun-baegsanseong/,"줄다리기, 당산, 부안읍, 동중리",20231230
82468,부안 백산성,부안 백산성,문화유산,건축유적,시청각물,VR,전라북도,부안군,35.72006124,126.8066255,20230101,https://minio.nculture.org/amsweb-opt/3ds/65/84670/84670_thumbnail.jpg,https://vr.nculture.org/vr/2020-jeonbug-buangun-buangimsangmangaog/,"산성, 동학, 백산, 부여풍, 백제부흥군",20231230
82467,부안 쌍조석간,부안 쌍조석간,문화유산,조각,시청각물,VR,전라북도,부안군,35.75384345,126.682796,20230101,https://minio.nculture.org/amsweb-opt/3ds/66/84671/84671_thumbnail.jpg,https://vr.nculture.org/vr/2020-jeonbug-buangun-ssangjoseoggan/,"계화면, 궁안리, 대벌마을, 베다리기",20231230
82466,부안 우금산성,부안 우금산성,문화유산,건축유적,시청각물,VR,전라북도,부안군,35.66927009,126.6519946,20230101,https://minio.nculture.org/amsweb-opt/3ds/67/84672/84672_thumbnail.jpg,https://vr.nculture.org/vr/2020-jeonbug-buangun-ugeumsanseong/,"복신, 도침, 백제부흥군, 우금산성",20231230
82465,부안 월천리 석장승,부안 월천리 석장승,문화유산,조각,시청각물,VR,전라북도,부안군,,,20230101,https://minio.nculture.org/amsweb-opt/3ds/68/84673/84673_thumbnail.jpg,https://vr.nculture.org/vr/2020-jeonbug-buangun-wolcheonli-seogjangseung/,"부안, 월천리, 단군신화",20231230
82464,전북 부안군 적벽강,전북 부안군 적벽강,"구비전승,어문학",지명유래,시청각물,VR,전라북도,부안군,,,20230101,https://minio.nculture.org/amsweb-opt/3ds/69/84674/84674_thumbnail.jpg,https://vr.nculture.org/vr/2020-jeonbug-buangun-jeogbyeoggang/,"수성당, 안내판, 채석강",20231230
82463,완주 무등리 입석,완주 무등리 입석,문화유산,조각,시청각물,VR,전라북도,완주군,35.98348679,127.119796,20230101,https://minio.nculture.org/amsweb-opt/3ds/70/84675/84675_thumbnail.jpg,https://vr.nculture.org/vr/2020-jeonbug-wanjugun-mudeungliibseog/,"입석, 전라북도, 무등리, 오나주",20231230
82462,완주 유석진 효자비,완주 유석진 효자비,문화유산,기타,시청각물,VR,전라북도,완주군,35.97755483,127.2125439,20230101,https://minio.nculture.org/amsweb-opt/3ds/71/84676/84676_thumbnail.jpg,https://vr.nculture.org/vr/2020-jeonbug-wanjugun-yuseogjinhyojabi/,"완주기록문화, 유석진효자비",20231230
82461,익산 미륵사지 석탑,익산 미륵사지 석탑,문화유산,조각,시청각물,VR,전라북도,익산시,36.01241365,127.0305146,20230101,https://minio.nculture.org/amsweb-opt/3ds/72/84677/84677_thumbnail.jpg,https://vr.nculture.org/vr/2020-jeonbug-igsansi-mileugsaji-seoseogtab/,"미륵사지, 무왕, 금마면, 기양리",20231230
82460,익산 미륵산성,익산 미륵산성,문화유산,건축유적,시청각물,VR,전라북도,익산시,36.02590265,127.0428646,20230101,https://minio.nculture.org/amsweb-opt/3ds/73/84678/84678_thumbnail.jpg,https://vr.nculture.org/vr/2020-jeonbug-igsansi-mileugsanseong/,"미륵산성, 마한, 미륵사지, 금마",20231230
82459,익산 소방산 봉수,익산 소방산 봉수,문화유산,건축유적,시청각물,VR,전라북도,익산시,36.07184105,126.9047494,20230101,https://minio.nculture.org/amsweb-opt/3ds/74/84679/84679_thumbnail.jpg,https://vr.nculture.org/vr/2020-jeonbug-igsansi-joseon-5dae-bongsue-deun-igsan-sobangsan-bongsu/,"전라북도, 익산시, 소방산",20231230
82458,전북 임실 의견비,전북 임실 의견비,문화유산,기타,시청각물,VR,전라북도,임실군,35.5371156,127.3290244,20230101,https://minio.nculture.org/amsweb-opt/3ds/75/84680/84680_thumbnail.jpg,https://vr.nculture.org/vr/2020-jeonbug-imsilgun-uigyeonbi/,"오수의견, 원동산공원, 오수의견공원, 김개인생가, 오수의견문화제",20231230
82457,권희문가옥,권희문가옥,생활과 민속,생활,시청각물,VR,전라북도,장수군,35.5874296,127.3862669,20230101,https://minio.nculture.org/amsweb-opt/3ds/76/84681/84681_thumbnail.jpg,https://vr.nculture.org/vr/2020-jeonbug-jangsugun-gwonhuimungaog/,"종가, 안동권씨, 민가, 기와집, 칠봉공파, 권희문가옥",20231230
82456,창원 정씨 종가,창원 정씨 종가,생활과 민속,생활,시청각물,VR,전라북도,장수군,,,20230101,https://minio.nculture.org/amsweb-opt/3ds/77/84682/84682_thumbnail.jpg,https://vr.nculture.org/vr/2020-jeonbug-jangsugun-chang-wonjeongssijong-ga/,"창원정씨, 종가",20231230
82455,합미성,합미성,문화유산,기타,시청각물,VR,전라북도,장수군,,,20230101,https://minio.nculture.org/amsweb-opt/3ds/78/84683/84683_thumbnail.jpg,https://vr.nculture.org/vr/2020-jeonbug-jangsugun-habmiseong/,"합미성, 할미성, 성적산성, 식천고성, 침치고성",20231230
82454,전주 동고산성,전주 동고산성,문화유산,건축유적,시청각물,VR,전라북도,전주시,35.81162923,127.1707391,20230101,https://minio.nculture.org/amsweb-opt/3ds/79/84684/84684_thumbnail.jpg,https://vr.nculture.org/vr/2020-jeonbug-jeonjusi-dong-gosanseong/,"전라도산성, 승암산, 통일신라시대",20231230
82453,전북 전주시 미륵불골,전북 전주시 미륵불골,"구비전승,어문학",지명유래,시청각물,VR,전라북도,전주시,35.80575885,127.1486984,20230101,https://minio.nculture.org/amsweb-opt/3ds/80/84685/84685_thumbnail.jpg,https://vr.nculture.org/vr/2020-jeonbug-jeonjusi-mileugbulgol/,"석불, 미륵불골, 완산서서학동",20231230
82452,정읍 은선리 삼층석탑,정읍 은선리 삼층석탑,문화유산,조각,시청각물,VR,전라북도,정읍시,35.6436571,126.7936814,20230101,https://minio.nculture.org/amsweb-opt/3ds/81/84686/84686_thumbnail.jpg,https://vr.nculture.org/vr/2020-jeonbug-jeong-eubsi-eunseonli-samcheungseogtab/,"삼층석탑, 은선리, 고려, 백제",20231230
82451,고등산 봉수대,고등산 봉수대,문화유산,건축유적,시청각물,VR,충청남도,공주시,,,20230101,https://minio.nculture.org/amsweb-opt/3ds/82/84687/84687_thumbnail.jpg,https://vr.nculture.org/vr/2020-chungnam-gongjusi-godeungsan-bongsudae/,"공주, 봉수대",20231230
82450,공주 공산성 연지,공주 공산성 연지,문화유산,조각,시청각물,VR,충청남도,공주시,36.46342251,127.1260525,20230101,https://minio.nculture.org/amsweb-opt/3ds/83/84688/84688_thumbnail.jpg,https://vr.nculture.org/vr/2020-chungnam-gongjusi-gongsanseong-yeonji/,"공산성, 연지, 공주시, 만하루, 공산성연지",20231230
82449,공주 월성산 봉수,공주 월성산 봉수,문화유산,건축유적,시청각물,VR,충청남도,공주시,36.44089011,127.1415945,20230101,https://minio.nculture.org/amsweb-opt/3ds/84/84689/84689_thumbnail.jpg,https://vr.nculture.org/vr/2020-chungnam-gongjusi-wolseongsan-bongsu/,"공주, 봉수, 공주의봉수, 월성산",20231230
82448,공주 조왕동,공주 조왕동,"구비전승,어문학",지명유래,시청각물,VR,충청남도,공주시,36.50453076,127.1011208,20230101,https://minio.nculture.org/amsweb-opt/3ds/85/84690/84690_thumbnail.jpg,https://vr.nculture.org/vr/2020-chungnam-gongjusi-jowangdong/,"인조, 충청남도, 이괄, 조왕동",20231230
82447,논산 관촉사 사적비,논산 관촉사 사적비,문화유산,조각,시청각물,VR,충청남도,논산시,36.18824101,127.113074,20230101,https://minio.nculture.org/amsweb-opt/3ds/86/84691/84691_thumbnail.jpg,https://vr.nculture.org/vr/2020-chungnam-nonsansi-gwanchogsa-sajeogbi/,"관촉사, 고려, 비석",20231230
82446,논산 관촉사 석등,논산 관촉사 석등,문화유산,조각,시청각물,VR,충청남도,논산시,36.18847584,127.1130978,20230101,https://minio.nculture.org/amsweb-opt/3ds/87/84692/84692_thumbnail.jpg,https://vr.nculture.org/vr/2020-chungnam-nonsansi-gwanchogsa-seogdeung/,"관촉사, 관촉사석등, 논산시",20231230
82445,논산 황화산성,논산 황화산성,문화유산,건축유적,시청각물,VR,충청남도,논산시,36.18911737,127.0769223,20230101,https://minio.nculture.org/amsweb-opt/3ds/88/84693/84693_thumbnail.jpg,https://vr.nculture.org/vr/2020-chungnam-nonsansi-hwanghwasanseong/,"황화산성, 논산황화산성, 산성",20231230
82444,논산 후백제 견훤능비,논산 후백제 견훤능비,문화유산,조각,시청각물,VR,충청남도,논산시,36.11920915,127.0837591,20230101,https://minio.nculture.org/amsweb-opt/3ds/89/84694/84694_thumbnail.jpg,https://vr.nculture.org/vr/2020-chungnam-nonsansi-hubaegje-gyeonhwonneungbi/,"견훤능비, 비, 견훤",20231230
82443,당진 안국사지 매향암각,당진 안국사지 매향암각,문화유산,조각,시청각물,VR,충청남도,당진시,36.8319869,126.557262,20230101,https://minio.nculture.org/amsweb-opt/3ds/90/84695/84695_thumbnail.jpg,https://vr.nculture.org/vr/2020-chungnam-dangjingun-dangjin-angugsajimaehyang-amgag/,"안국사지, 매향암각, 당진군",20231230
82442,보령 신경섭 가옥,보령 신경섭 가옥,생활과 민속,생활,시청각물,VR,충청남도,보령시,36.42082646,126.6679838,20230101,https://minio.nculture.org/amsweb-opt/3ds/91/84696/84696_thumbnail.jpg,https://vr.nculture.org/vr/2020-chungnam-bolyeongsi-bolyeong-singyeongseob-gaog/,"양반집, 신경섭, 충청남도",20231230
82441,보령 성주사지 석탑,보령 성주사지 석탑,문화유산,조각,시청각물,VR,충청남도,보령시,36.34473631,126.6561288,20230101,https://minio.nculture.org/amsweb-opt/3ds/92/84697/84697_thumbnail.jpg,https://vr.nculture.org/vr/2020-chungnam-bolyeongsi-seongjusaji-seogtab/,"성주사지, 보령의석탑, 탑",20231230
82440,부여 능산리 고분군,부여 능산리 고분군,문화유산,조각,시청각물,VR,충청남도,부여군,36.27688354,126.9422576,20230101,https://minio.nculture.org/amsweb-opt/3ds/93/84698/84698_thumbnail.jpg,https://vr.nculture.org/vr/2020-chungnam-buyeogun-neungsanligobungun/,"능산리, 고분군, 부여능산리",20231230
82439,부여 저동리 쌀바위,부여 저동리 쌀바위,문화유산,조각,시청각물,VR,충청남도,부여군,36.27971707,126.7678817,20230101,https://minio.nculture.org/amsweb-opt/3ds/94/84699/84699_thumbnail.jpg,https://vr.nculture.org/vr/2020-chungnam-buyeogun-buyeojeodongli-ssalbawi/,"부여군, 저동리, 쌀바위",20231230
82438,부여 중동 석조,부여 중동 석조,문화유산,조각,시청각물,VR,충청남도,부여군,36.46552912,127.11218,20230101,https://minio.nculture.org/amsweb-opt/3ds/95/84700/84700_thumbnail.jpg,https://vr.nculture.org/vr/2020-chungnam-buyeogun-buyeojungdongseogjo/,"중동석조, 부여군, 돌",20231230
82437,부여 정림사지 오층석탑,부여 정림사지 오층석탑,문화유산,조각,시청각물,VR,충청남도,부여군,,,20230101,https://minio.nculture.org/amsweb-opt/3ds/96/84701/84701_thumbnail.jpg,https://vr.nculture.org/vr/2020-chungnam-buyeogun-jeonglimsaji-ocheungseogtab/,"부여, 정림사지, 오층석탑",20231230
82436,연서 효교비,연서 효교비,문화유산,기타,시청각물,VR,세종특별자치시,,,,20230101,https://minio.nculture.org/amsweb-opt/3ds/97/84702/84702_thumbnail.jpg,https://vr.nculture.org/vr/2020-chungnam-sejongsi-yeonseohyogyobi/,"세종, 효자, 효교동, 홍상직, 홍연경",20231230
82435,운주산성,운주산성,문화유산,건축유적,시청각물,VR,세종특별자치시,,,,20230101,https://minio.nculture.org/amsweb-opt/3ds/98/84703/84703_thumbnail.jpg,https://vr.nculture.org/vr/2020-chungnam-sejongsi-unjusanseong/,"포곡식산성, 고산산성, 운주산, 백제부흥운동, 백제고산제",20231230
82434,아산 김육비,아산 김육비,문화유산,조각,시청각물,VR,충청남도,아산시,36.77840705,126.9313538,20230101,https://minio.nculture.org/amsweb-opt/3ds/99/84704/84704_thumbnail.jpg,https://vr.nculture.org/vr/2020-chungnam-asansi-gim-yugbi/,"김육비, 아산시, 충청남도",20231230
82433,아산 윤승구 가옥,아산 윤승구 가옥,생활과 민속,생활,시청각물,VR,충청남도,아산시,,,20230101,https://minio.nculture.org/amsweb-opt/3ds/100/84705/84705_thumbnail.jpg,https://vr.nculture.org/vr/2020-chungnam-asansi-asan-yunseung-gu-gaog/,"충청남도, 아산시, 가옥",20231230
82432,예산 이성만 형제 효제비,예산 이성만 형제 효제비,문화유산,조각,시청각물,VR,충청남도,예산군,36.60650954,126.7889448,20230101,https://minio.nculture.org/amsweb-opt/3ds/101/84706/84706_thumbnail.jpg,https://vr.nculture.org/vr/2020-chungnam-yesangun-yesan-iseongman-hyeongje-hyojebi/,"이성만형제, 효제비, 예산군",20231230
82431,예산 정동호 가옥,예산 정동호 가옥,생활과 민속,생활,시청각물,VR,충청남도,예산군,36.76379628,126.7198396,20230101,https://minio.nculture.org/amsweb-opt/3ds/102/84707/84707_thumbnail.jpg,https://vr.nculture.org/vr/2020-chungnam-yesangun-yesan-jeongdonghogaog-ochuligaog/,"초가집, 민가, 정동호가옥, 튼ㅁ자형구조",20231230
82430,예산 추사고택,예산 추사고택,생활과 민속,생활,시청각물,VR,충청남도,예산군,36.74693566,126.7984593,20230101,https://minio.nculture.org/amsweb-opt/3ds/103/84708/84708_thumbnail.jpg,https://vr.nculture.org/vr/2020-chungnam-yesangun-yesan-chusagotaeg/,"추사, 김정희, 추사고택, 예산",20231230
82429,예산 예산산성,예산 예산산성,문화유산,건축유적,시청각물,VR,충청남도,예산군,36.69083459,126.8230071,20230101,https://minio.nculture.org/amsweb-opt/3ds/104/84709/84709_thumbnail.jpg,https://vr.nculture.org/vr/2020-chungnam-yesangun-yesansanseong/,"성곽, 예산, 예산산성",20231230
82428,예산 이한직 가옥,예산 이한직 가옥,생활과 민속,생활,시청각물,VR,충청남도,예산군,,,20230101,https://minio.nculture.org/amsweb-opt/3ds/105/84710/84710_thumbnail.jpg,https://vr.nculture.org/vr/2020-chungnam-yesangun-ihanjiggaog/,"예산, 이한직, 이한직가옥",20231230
82427,태안 삼봉해수욕장,태안 삼봉해수욕장,"구비전승,어문학",지명유래,시청각물,VR,충청남도,태안군,,,20230101,https://minio.nculture.org/amsweb-opt/3ds/106/84711/84711_thumbnail.jpg,https://vr.nculture.org/vr/2020-chungnam-taeangun-sambonghaesuyogjang/,"태안, 해수욕장, 삼봉",20231230
82426,태안 안흥성,태안 안흥성,문화유산,건축유적,시청각물,VR,충청남도,태안군,36.68263822,126.1560744,20230101,https://minio.nculture.org/amsweb-opt/3ds/107/84712/84712_thumbnail.jpg,https://vr.nculture.org/vr/2020-chungnam-taeangun-anheungseong/,"태안, 안흥성, 성곽",20231230
82328,태안 상옥리 가영현가옥,태안 상옥리 가영현가옥,생활과 민속,생활,시청각물,VR,충청남도,태안군,36.77703042,126.3167893,20230101,https://minio.nculture.org/amsweb-opt/3ds/108/84713/84713_thumbnail.jpg,https://vr.nculture.org/vr/2020-chungnam-taeangun-taeansang-ogligayeonghyeongaog/,"태안, 상옥리, 가영현가옥",20231230
82327,홍성 사운고택,홍성 사운고택,생활과 민속,생활,시청각물,VR,충청남도,홍성군,36.49826229,126.7429099,20230101,https://minio.nculture.org/amsweb-opt/3ds/109/84714/84714_thumbnail.jpg,https://vr.nculture.org/vr/2020-chungnam-hongseong-gun-hongseong-saungotaeg/,홍성사운고택,20231230
94500,강릉 모학당 고택,강릉 모학당 고택,생활과 민속,생활,시청각물,VR,강원특별자치도,강릉시,37.72650041,128.9039145,20230101,https://minio.nculture.org/amsweb-opt/3ds/201/86374/86374_thumbnail.jpg,https://vr.nculture.org/vr/2021-gang-won-gangleung-333-gangleung-mohagdang-gotaeg/,"모학당, 찰방댁, 강릉8대명당",20231230
94499,강릉 수리골 고택,강릉 수리골 고택,생활과 민속,생활,시청각물,VR,강원특별자치도,강릉시,,,20230101,https://minio.nculture.org/amsweb-opt/3ds/202/86375/86375_thumbnail.jpg,https://vr.nculture.org/vr/2021-gang-won-gangleung-331-gangleung-suligol-gotaeg/,"수리골고택, 해운정, 강릉운정동",20231230
